-- client
INSERT INTO `soap`.`client`(`createTime`, `updateTime`, `id`, `secret`, `grants`, `accessTokenLifetime`, `refreshTokenLifetime`) VALUES ('2019-04-20 20:15:28.553485', '2019-04-20 20:15:28.553485', '573b5159-54cc-4886-bb2b-281ce6cd9ea1', 'test', 'authorization_code,password', 60480, 1209600);
INSERT INTO `soap`.`client`(`createTime`, `updateTime`, `id`, `secret`, `grants`, `accessTokenLifetime`, `refreshTokenLifetime`) VALUES ('2019-04-20 20:06:16.523698', '2019-04-20 20:06:16.523698', 'b736656a-3b63-4182-bae6-b8e0100a47dd', 'test', 'authorization_code,password', 60480, 1209600);

-- user
INSERT INTO `soap`.`user`(`createTime`, `updateTime`, `id`, `username`, `email`, `hash`, `salt`, `role`, `name`, `avatar`, `bio`, `website`, `verified`, `identifier`, `verificationToken`, `signupType`) VALUES ('2019-04-19 17:53:21.725093', '2019-04-19 17:53:21.725093', 1, 'y', '12asdfadsfadafsdf@qq.com', '8526cec4b9d6bd2923cc09924a7f8a1673bd236adb4ff4c8cf8efeb0e167a706', '4e01591bdfb86fc378f70ce123282109058155f434c1e19c32e088d46fd5831d', 'user', '', '//cdn.soapphoto.com/default.svg', '', '', 1, '', NULL, 'email');
INSERT INTO `soap`.`user`(`createTime`, `updateTime`, `id`, `username`, `email`, `hash`, `salt`, `role`, `name`, `avatar`, `bio`, `website`, `verified`, `identifier`, `verificationToken`, `signupType`) VALUES ('2019-04-22 09:56:41.995644', '2019-07-20 14:44:13.000000', 3, 'yu', '1103307414@qq.com', 'b3751012304b993807cd53a1a1c047c56fa8b0b096fe9eda22aa27d9dde7846c', '9238baf92f495766aad5eb3c0c8bb75754690d5dc45700ebcb63a451f051a5ae', 'user', 'Yuer', 'qiniu:luXyT4Q2TraBLYweTyO8j8GIZ_QI|c8dc42efb01a6fc7614701d140ec0010.jpg', 'test', 'https://wanan.me', 1, '', NULL, 'email');
INSERT INTO `soap`.`user`(`createTime`, `updateTime`, `id`, `username`, `email`, `hash`, `salt`, `role`, `name`, `avatar`, `bio`, `website`, `verified`, `identifier`, `verificationToken`, `signupType`) VALUES ('2019-04-24 10:45:31.656621', '2019-05-17 14:03:45.000000', 15, 'yu1', '11033074124@qq.com', 'bbb813f1c563339f19c71343051c0b1ddfb7cf8b7d70e942b23960075b7750bf', 'e0750c3067fc3847531a4a74ec89ad7dc6415698fce1df298c148bb11d4642b3', 'user', 'Yuer', '//cdn.soapphoto.com/default.svg', '你好呀', 'https://wanan.me?123=1233', 1, '', NULL, 'email');
INSERT INTO `soap`.`user`(`createTime`, `updateTime`, `id`, `username`, `email`, `hash`, `salt`, `role`, `name`, `avatar`, `bio`, `website`, `verified`, `identifier`, `verificationToken`, `signupType`) VALUES ('2019-05-22 14:33:56.399763', '2019-05-22 14:38:42.000000', 32, 'ya', 'a1103307414@live.com', '325f0629365e90109ff162b02a300850b6c15b85e6f35081dd574fc8c05dc95d', '7ef91b1bd3601e2a7d0e021971948892b11ebf5d1a851f937a5f890a60d3f793', 'user', NULL, '//cdn.soapphoto.com/default.svg', NULL, NULL, 1, 'a1103307414@live.com', 'xiewuh', 'email');

-- picture
INSERT INTO `soap`.`picture`(`createTime`, `updateTime`, `id`, `key`, `hash`, `originalname`, `mimetype`, `size`, `userId`, `userUsername`, `color`, `isDark`, `height`, `width`, `make`, `model`, `exif`, `title`, `bio`, `views`, `isPrivate`) VALUES ('2019-04-30 10:45:17.384225', '2019-07-20 17:46:48.000000', 19, 'f168521007f5c1badb05ab1ccf4ae7514.png', 'FsmCRiypz03jjH4OptjMNELUs50i', '1f34b.png', 'image/jpeg', 67197, 15, 'yu1', '#57402c', 1, 512, 512, NULL, NULL, '{}', '', '', 6, 1);
INSERT INTO `soap`.`picture`(`createTime`, `updateTime`, `id`, `key`, `hash`, `originalname`, `mimetype`, `size`, `userId`, `userUsername`, `color`, `isDark`, `height`, `width`, `make`, `model`, `exif`, `title`, `bio`, `views`, `isPrivate`) VALUES ('2019-04-30 11:34:14.379091', '2019-05-25 17:45:11.000000', 21, '78477f2fdbd43a98ffd0d727dcfb103aa.png', 'FsOjsLHMovsctMF1cqdiITw_2dk5', '1f37a.png', 'image/jpeg', 26573, 15, 'yu1', '#57402c', 0, 512, 512, NULL, NULL, '{}', '', '', 7, 0);
INSERT INTO `soap`.`picture`(`createTime`, `updateTime`, `id`, `key`, `hash`, `originalname`, `mimetype`, `size`, `userId`, `userUsername`, `color`, `isDark`, `height`, `width`, `make`, `model`, `exif`, `title`, `bio`, `views`, `isPrivate`) VALUES ('2019-04-30 11:34:15.812386', '2019-05-28 14:18:10.000000', 22, '11098dd763de52f41215c22184c92c40.png', 'FsOjsLHMovsctMF1cqdiITw_2dk5', '1f37a.png', 'image/jpeg', 26573, 15, 'yu1', '#57402c', 1, 512, 512, NULL, NULL, '{}', '', '', 1, 0);
INSERT INTO `soap`.`picture`(`createTime`, `updateTime`, `id`, `key`, `hash`, `originalname`, `mimetype`, `size`, `userId`, `userUsername`, `color`, `isDark`, `height`, `width`, `make`, `model`, `exif`, `title`, `bio`, `views`, `isPrivate`) VALUES ('2019-04-30 11:34:17.136339', '2019-05-25 10:11:11.000000', 23, 'cab217719b7daba105f7be7edd8a410486.png', 'FsOjsLHMovsctMF1cqdiITw_2dk5', '1f37a.png', 'image/jpeg', 26573, 15, 'yu1', '#57402c', 1, 512, 512, NULL, NULL, '{}', '', '', 3, 0);
INSERT INTO `soap`.`picture`(`createTime`, `updateTime`, `id`, `key`, `hash`, `originalname`, `mimetype`, `size`, `userId`, `userUsername`, `color`, `isDark`, `height`, `width`, `make`, `model`, `exif`, `title`, `bio`, `views`, `isPrivate`) VALUES ('2019-04-30 11:34:18.517174', '2019-05-28 14:18:41.000000', 24, 'db025210b62778152e2ef5270259fb957.png', 'FsOjsLHMovsctMF1cqdiITw_2dk5', '1f37a.png', 'image/jpeg', 26573, 15, 'yu1', '#57402c', 1, 512, 512, NULL, NULL, '{}', '', '', 1, 0);
INSERT INTO `soap`.`picture`(`createTime`, `updateTime`, `id`, `key`, `hash`, `originalname`, `mimetype`, `size`, `userId`, `userUsername`, `color`, `isDark`, `height`, `width`, `make`, `model`, `exif`, `title`, `bio`, `views`, `isPrivate`) VALUES ('2019-04-30 11:34:21.520842', '2019-05-28 14:26:39.000000', 25, '420afa598b1b25f2ab61045f3bd9235e1.png', 'FsOjsLHMovsctMF1cqdiITw_2dk5', '1f37a.png', 'image/jpeg', 26573, 15, 'yu1', '#57402c', 1, 512, 512, NULL, NULL, '{}', '', '', 2, 0);
INSERT INTO `soap`.`picture`(`createTime`, `updateTime`, `id`, `key`, `hash`, `originalname`, `mimetype`, `size`, `userId`, `userUsername`, `color`, `isDark`, `height`, `width`, `make`, `model`, `exif`, `title`, `bio`, `views`, `isPrivate`) VALUES ('2019-05-05 18:24:13.802807', '2019-06-06 17:11:54.000000', 26, '109b78bff53a10b71421aac89f82f7abfe.png', 'Fmjry1NxF_G1-vqqT0KLswxkyoCi', 'logo.png', 'image/png', 4936, 15, 'yu1', '#3d6db3', 1, 101, 100, NULL, NULL, '{}', '', '', 6, 0);
INSERT INTO `soap`.`picture`(`createTime`, `updateTime`, `id`, `key`, `hash`, `originalname`, `mimetype`, `size`, `userId`, `userUsername`, `color`, `isDark`, `height`, `width`, `make`, `model`, `exif`, `title`, `bio`, `views`, `isPrivate`) VALUES ('2019-05-17 18:01:07.495054', '2019-05-29 17:47:11.000000', 27, '1206ee72d1e9ff05f64fd6fa911e198a.png', 'FuZua0egU_dzARyGwErLE9956dyq', '1f434.png', 'image/png', 40374, 3, 'yu', '#a07555', 1, 512, 512, NULL, NULL, '{}', '', '', 9, 0);
INSERT INTO `soap`.`picture`(`createTime`, `updateTime`, `id`, `key`, `hash`, `originalname`, `mimetype`, `size`, `userId`, `userUsername`, `color`, `isDark`, `height`, `width`, `make`, `model`, `exif`, `title`, `bio`, `views`, `isPrivate`) VALUES ('2019-05-23 15:18:27.266094', '2019-06-24 14:41:04.000000', 28, '5610baf31e3f38c7172ec7f681f19b10e0.jpg', 'Fk57Pkf2Q_sHdcqDvIKqSfTdgOc6', 'sten-de-bruijn-1612108-unsplash.jpg', 'image/jpeg', 973530, 3, 'yu', '#90827c', 0, 3100, 2214, NULL, NULL, '{}', 'test', '123', 8, 0);
INSERT INTO `soap`.`picture`(`createTime`, `updateTime`, `id`, `key`, `hash`, `originalname`, `mimetype`, `size`, `userId`, `userUsername`, `color`, `isDark`, `height`, `width`, `make`, `model`, `exif`, `title`, `bio`, `views`, `isPrivate`) VALUES ('2019-05-24 11:43:51.207025', '2019-05-28 15:10:35.000000', 29, '8a4c4af6fe53bece6f6d31f6eb95cbb5.jpg', 'Fk57Pkf2Q_sHdcqDvIKqSfTdgOc6', 'sten-de-bruijn-1612108-unsplash.jpg', 'image/jpeg', 973530, 3, 'yu', '#90827c', 0, 3100, 2214, NULL, NULL, '{}', '124124', '124124', 4, 0);
INSERT INTO `soap`.`picture`(`createTime`, `updateTime`, `id`, `key`, `hash`, `originalname`, `mimetype`, `size`, `userId`, `userUsername`, `color`, `isDark`, `height`, `width`, `make`, `model`, `exif`, `title`, `bio`, `views`, `isPrivate`) VALUES ('2019-05-29 18:35:54.066814', '2019-05-29 18:36:30.000000', 30, '10cd86324a910cf190d3d413af236c89100.jpg', 'Fk57Pkf2Q_sHdcqDvIKqSfTdgOc6', 'sten-de-bruijn-1612108-unsplash.jpg', 'image/jpeg', 973530, 3, 'yu', '#90827c', 0, 3100, 2214, NULL, NULL, '{}', '你好', '4214124124', 13, 0);
INSERT INTO `soap`.`picture`(`createTime`, `updateTime`, `id`, `key`, `hash`, `originalname`, `mimetype`, `size`, `userId`, `userUsername`, `color`, `isDark`, `height`, `width`, `make`, `model`, `exif`, `title`, `bio`, `views`, `isPrivate`) VALUES ('2019-06-06 11:52:35.427779', '2019-06-06 11:52:35.427779', 31, 'acfa10a016af8cf56f9628bd2d47a1dec.jpg', 'Fnn8phvOpmRbNeEKaKxzkogF07OQ', 'IMG_20190603_185011.jpg', 'image/jpeg', 2860176, 3, 'yu', '#686570', 1, 2112, 4608, 'OnePlus', 'ONEPLUS A6010', '{\"aperture\":1.7,\"exposureTime\":\"1/20\",\"focalLength\":4.2,\"iso\":400,\"gps\":[24.526638972222223,118.160459]}', 'test', 'gps 呦', 0, 1);
INSERT INTO `soap`.`picture`(`createTime`, `updateTime`, `id`, `key`, `hash`, `originalname`, `mimetype`, `size`, `userId`, `userUsername`, `color`, `isDark`, `height`, `width`, `make`, `model`, `exif`, `title`, `bio`, `views`, `isPrivate`) VALUES ('2019-06-06 11:56:12.263354', '2019-06-06 11:56:12.263354', 32, 'b43ddb4d5cdd0bca8bb2f71061fe7c702.jpg', 'Fnn8phvOpmRbNeEKaKxzkogF07OQ', 'IMG_20190603_185011.jpg', 'image/jpeg', 2860176, 3, 'yu', '#686570', 1, 2112, 4608, 'OnePlus', 'ONEPLUS A6010', '{\"aperture\":1.7,\"exposureTime\":\"1/20\",\"focalLength\":4.2,\"iso\":400,\"gps\":[24.526638972222223,118.160459]}', 'test', 'sfadsf', 1, 1);
INSERT INTO `soap`.`picture`(`createTime`, `updateTime`, `id`, `key`, `hash`, `originalname`, `mimetype`, `size`, `userId`, `userUsername`, `color`, `isDark`, `height`, `width`, `make`, `model`, `exif`, `title`, `bio`, `views`, `isPrivate`) VALUES ('2019-06-06 12:00:35.330573', '2019-06-06 12:00:35.330573', 33, 'c62616a993ee6e748e5b9167a57a45a10.jpg', 'Fnn8phvOpmRbNeEKaKxzkogF07OQ', 'IMG_20190603_185011.jpg', 'image/jpeg', 2860176, 3, 'yu', '#686570', 1, 2112, 4608, 'OnePlus', 'ONEPLUS A6010', '{\"aperture\":1.7,\"exposureTime\":\"1/20\",\"focalLength\":4.2,\"iso\":400,\"gps\":[24.526638972222223,118.160459]}', 'etewtqwet', 'wqewerq', 0, 1);
INSERT INTO `soap`.`picture`(`createTime`, `updateTime`, `id`, `key`, `hash`, `originalname`, `mimetype`, `size`, `userId`, `userUsername`, `color`, `isDark`, `height`, `width`, `make`, `model`, `exif`, `title`, `bio`, `views`, `isPrivate`) VALUES ('2019-06-06 13:46:14.285758', '2019-06-06 13:46:14.285758', 34, '81d88103ed4d7cf27ea0483510d729da91.jpg', 'Fnn8phvOpmRbNeEKaKxzkogF07OQ', 'IMG_20190603_185011.jpg', 'image/jpeg', 2860176, 3, 'yu', '#686570', 1, 2112, 4608, 'OnePlus', 'ONEPLUS A6010', '{\"aperture\":1.7,\"exposureTime\":\"1/20\",\"focalLength\":4.2,\"iso\":400,\"gps\":[24.526638972222223,118.160459]}', '23123', '1122', 0, 1);
INSERT INTO `soap`.`picture`(`createTime`, `updateTime`, `id`, `key`, `hash`, `originalname`, `mimetype`, `size`, `userId`, `userUsername`, `color`, `isDark`, `height`, `width`, `make`, `model`, `exif`, `title`, `bio`, `views`, `isPrivate`) VALUES ('2019-06-06 13:58:19.599097', '2019-06-06 13:58:19.599097', 35, 'ac239a92c51ae86d851fac9bb346c636.jpg', 'Fnn8phvOpmRbNeEKaKxzkogF07OQ', 'IMG_20190603_185011.jpg', 'image/jpeg', 2860176, 3, 'yu', '#686570', 1, 2112, 4608, 'OnePlus', 'ONEPLUS A6010', '{\"aperture\":1.7,\"exposureTime\":\"1/20\",\"focalLength\":4.2,\"iso\":400,\"gps\":[24.526638972222223,118.160459]}', '111', '2222', 0, 1);
INSERT INTO `soap`.`picture`(`createTime`, `updateTime`, `id`, `key`, `hash`, `originalname`, `mimetype`, `size`, `userId`, `userUsername`, `color`, `isDark`, `height`, `width`, `make`, `model`, `exif`, `title`, `bio`, `views`, `isPrivate`) VALUES ('2019-06-06 13:59:44.619060', '2019-06-06 13:59:44.619060', 36, 'c7ef39507e0a15fe2b6cce867656e501.jpg', 'Fnn8phvOpmRbNeEKaKxzkogF07OQ', 'IMG_20190603_185011.jpg', 'image/jpeg', 2860176, 3, 'yu', '#686570', 1, 2112, 4608, 'OnePlus', 'ONEPLUS A6010', '{\"aperture\":1.7,\"exposureTime\":\"1/20\",\"focalLength\":4.2,\"iso\":400,\"gps\":[24.526638972222223,118.160459]}', '1241242424', '24242442', 23, 0);
INSERT INTO `soap`.`picture`(`createTime`, `updateTime`, `id`, `key`, `hash`, `originalname`, `mimetype`, `size`, `userId`, `userUsername`, `color`, `isDark`, `height`, `width`, `make`, `model`, `exif`, `title`, `bio`, `views`, `isPrivate`) VALUES ('2019-06-06 16:56:02.326745', '2019-07-15 16:34:40.000000', 37, 'cf39c9d9b74575881e2a37e98a10a8aac.jpg', 'lq0GHGswdaQd8NUQdsQjLAzlT88r', 'IMG_20190501_212719.jpg', 'image/jpeg', 4516761, 3, 'yu', '#5a4646', 1, 2112, 4608, 'OnePlus', 'ONEPLUS A6010', '{\"aperture\":1.7,\"exposureTime\":\"undefined/undefined\",\"focalLength\":4.2,\"iso\":800,\"gps\":[29.562249,106.57755197222222]}', 'test', 'hhhh', 17, 0);
INSERT INTO `soap`.`picture`(`createTime`, `updateTime`, `id`, `key`, `hash`, `originalname`, `mimetype`, `size`, `userId`, `userUsername`, `color`, `isDark`, `height`, `width`, `make`, `model`, `exif`, `title`, `bio`, `views`, `isPrivate`) VALUES ('2019-06-09 13:55:47.720802', '2019-06-09 17:45:14.000000', 38, '45ddb10acd245cd9d18853b3aa501c459.jpg', 'lq0GHGswdaQd8NUQdsQjLAzlT88r', 'IMG_20190501_212719.jpg', 'image/jpeg', 4516761, 3, 'yu', '#5a4646', 1, 2112, 4608, NULL, NULL, '{\"model\":\"ONEPLUS A6010\",\"make\":\"OnePlus\",\"focalLength\":4.25,\"aperture\":1.7,\"exposureTime\":\"1/3\",\"ISO\":800,\"date\":\"2019/05/01 21:27\",\"location\":[29.562249,106.57755197222222]}', '还行', '洪崖洞', 7, 0);
INSERT INTO `soap`.`picture`(`createTime`, `updateTime`, `id`, `key`, `hash`, `originalname`, `mimetype`, `size`, `userId`, `userUsername`, `color`, `isDark`, `height`, `width`, `make`, `model`, `exif`, `title`, `bio`, `views`, `isPrivate`) VALUES ('2019-06-09 14:06:53.832275', '2019-07-15 16:33:36.000000', 39, '1108ab377d10b182a6b33b6f13e2e8c6ac.JPG', 'lk0tOdDVgMYFum_BIIWtjRmpDmZt', 'DSC06111.JPG', 'image/jpeg', 7700480, 3, 'yu', '#544951', 1, 3376, 6000, 'SONY', 'ILCE-6000', '{\"focalLength\":30,\"aperture\":2.2,\"exposureTime\":\"1/60\",\"ISO\":3200,\"meteringMode\":\"Pattern\",\"exposureMode\":\"Normal program\",\"exposureBias\":\"+0\",\"date\":\"2018/12/10 20:09\",\"software\":\"ILCE-6000 v3.20\"}', 'HONGKONG', '', 69, 0);
INSERT INTO `soap`.`picture`(`createTime`, `updateTime`, `id`, `key`, `hash`, `originalname`, `mimetype`, `size`, `userId`, `userUsername`, `color`, `isDark`, `height`, `width`, `make`, `model`, `exif`, `title`, `bio`, `views`, `isPrivate`) VALUES ('2019-06-10 15:58:18.548510', '2019-06-19 18:42:17.000000', 40, 'cb53105a2108bc4ee15fd3db03daee7da7.jpg', 'lq0GHGswdaQd8NUQdsQjLAzlT88r', 'IMG_20190501_212719.jpg', 'image/jpeg', 4516761, 3, 'yu', '#5a4646', 1, 2112, 4608, 'OnePlus', 'ONEPLUS A6010', '{\"focalLength\":4.25,\"aperture\":1.7,\"exposureTime\":\"1/3\",\"ISO\":800,\"date\":\"2019/05/01 21:27\",\"location\":[29.562249,106.57755197222222]}', '2 / 365', 'test', 17, 0);
INSERT INTO `soap`.`picture`(`createTime`, `updateTime`, `id`, `key`, `hash`, `originalname`, `mimetype`, `size`, `userId`, `userUsername`, `color`, `isDark`, `height`, `width`, `make`, `model`, `exif`, `title`, `bio`, `views`, `isPrivate`) VALUES ('2019-06-10 16:36:08.408079', '2019-06-10 16:36:08.408079', 41, 'a6b76df5d6549310f718d684d3e981c5d.jpg', 'lq0GHGswdaQd8NUQdsQjLAzlT88r', 'IMG_20190501_212719.jpg', 'image/jpeg', 4516761, 3, 'yu', '#5a4646', 1, 2112, 4608, 'OnePlus', 'ONEPLUS A6010', '{\"focalLength\":4.25,\"aperture\":1.7,\"exposureTime\":\"1/3\",\"ISO\":800,\"date\":\"2019/05/01 21:27\",\"location\":[29.562249,106.57755197222222]}', '3 / 365', '', 35, 0);
INSERT INTO `soap`.`picture`(`createTime`, `updateTime`, `id`, `key`, `hash`, `originalname`, `mimetype`, `size`, `userId`, `userUsername`, `color`, `isDark`, `height`, `width`, `make`, `model`, `exif`, `title`, `bio`, `views`, `isPrivate`) VALUES ('2019-06-14 18:19:24.890278', '2019-06-14 18:19:24.890278', 42, '8b20754250ea5452bfcfb5ec8ba10f755.jpg', 'luXyT4Q2TraBLYweTyO8j8GIZ_QI', '小鸡鸡.jpg', 'image/jpeg', 4252993, 3, 'yu', '#adb4be', 0, 4032, 3024, NULL, NULL, '{\"focalLength\":null,\"aperture\":null,\"exposureTime\":\"1/NaN\"}', '24124124', '1241', 0, 1);
INSERT INTO `soap`.`picture`(`createTime`, `updateTime`, `id`, `key`, `hash`, `originalname`, `mimetype`, `size`, `userId`, `userUsername`, `color`, `isDark`, `height`, `width`, `make`, `model`, `exif`, `title`, `bio`, `views`, `isPrivate`) VALUES ('2019-06-24 11:13:43.248822', '2019-07-17 18:14:33.000000', 43, '9054a6b9a1513f2d0f2787826a1b50a2.jpg', 'lu8jR9mfw7aUe08eUp9OOS_swXSo', '500999018.jpg', 'image/jpeg', 17378379, 3, 'yu', '#818ea3', 0, 3742, 9559, 'SONY', 'NEX-7', '{\"focalLength\":39,\"aperture\":8,\"exposureTime\":\"1/40\",\"ISO\":100,\"meteringMode\":\"Pattern\",\"exposureMode\":\"Aperture priority\",\"exposureBias\":\"-0.7\",\"date\":\"2017/06/01 17:44\",\"software\":\"Adobe Photoshop Lightroom 6.10 (Windows)\"}', 'ahahaha', 'dsad', 27, 0);

-- picture-activity
INSERT INTO `soap`.`picture_user_activity`(`createTime`, `updateTime`, `id`, `userId`, `userUsername`, `pictureId`, `like`, `likedTime`) VALUES ('2019-05-25 09:57:47.061651', '2019-05-25 17:45:11.000000', 20, 3, 'yu', 21, 0, '2019-05-25 17:45:07');
INSERT INTO `soap`.`picture_user_activity`(`createTime`, `updateTime`, `id`, `userId`, `userUsername`, `pictureId`, `like`, `likedTime`) VALUES ('2019-05-25 09:57:50.698014', '2019-05-28 14:18:10.000000', 21, 3, 'yu', 22, 0, '2019-05-28 14:18:08');
INSERT INTO `soap`.`picture_user_activity`(`createTime`, `updateTime`, `id`, `userId`, `userUsername`, `pictureId`, `like`, `likedTime`) VALUES ('2019-05-25 10:11:10.957333', '2019-05-25 10:11:10.957333', 22, 3, 'yu', 23, 1, '2019-05-25 10:11:07');
INSERT INTO `soap`.`picture_user_activity`(`createTime`, `updateTime`, `id`, `userId`, `userUsername`, `pictureId`, `like`, `likedTime`) VALUES ('2019-05-25 10:11:11.446092', '2019-05-25 10:11:11.446092', 23, 3, 'yu', 23, 1, '2019-05-25 10:11:07');
INSERT INTO `soap`.`picture_user_activity`(`createTime`, `updateTime`, `id`, `userId`, `userUsername`, `pictureId`, `like`, `likedTime`) VALUES ('2019-05-25 16:14:35.715311', '2019-06-24 14:41:04.000000', 24, 3, 'yu', 28, 1, '2019-06-24 14:41:05');
INSERT INTO `soap`.`picture_user_activity`(`createTime`, `updateTime`, `id`, `userId`, `userUsername`, `pictureId`, `like`, `likedTime`) VALUES ('2019-05-25 16:14:41.276308', '2019-05-28 15:10:35.000000', 25, 3, 'yu', 29, 1, '2019-05-28 15:10:34');
INSERT INTO `soap`.`picture_user_activity`(`createTime`, `updateTime`, `id`, `userId`, `userUsername`, `pictureId`, `like`, `likedTime`) VALUES ('2019-05-28 14:14:54.549475', '2019-05-29 17:47:11.000000', 26, 3, 'yu', 27, 0, '2019-05-28 14:24:33');
INSERT INTO `soap`.`picture_user_activity`(`createTime`, `updateTime`, `id`, `userId`, `userUsername`, `pictureId`, `like`, `likedTime`) VALUES ('2019-05-28 14:15:22.870528', '2019-06-06 17:11:52.000000', 27, 3, 'yu', 26, 0, '2019-06-06 17:11:43');
INSERT INTO `soap`.`picture_user_activity`(`createTime`, `updateTime`, `id`, `userId`, `userUsername`, `pictureId`, `like`, `likedTime`) VALUES ('2019-05-28 14:17:44.319087', '2019-05-28 14:18:41.000000', 28, 3, 'yu', 24, 1, '2019-05-28 14:18:40');
INSERT INTO `soap`.`picture_user_activity`(`createTime`, `updateTime`, `id`, `userId`, `userUsername`, `pictureId`, `like`, `likedTime`) VALUES ('2019-05-28 14:17:44.760239', '2019-05-28 14:17:44.760239', 29, 3, 'yu', 24, 1, '2019-05-28 14:17:43');
INSERT INTO `soap`.`picture_user_activity`(`createTime`, `updateTime`, `id`, `userId`, `userUsername`, `pictureId`, `like`, `likedTime`) VALUES ('2019-05-28 14:26:38.687588', '2019-05-28 14:26:38.687588', 30, 3, 'yu', 25, 1, '2019-05-28 14:26:37');
INSERT INTO `soap`.`picture_user_activity`(`createTime`, `updateTime`, `id`, `userId`, `userUsername`, `pictureId`, `like`, `likedTime`) VALUES ('2019-05-28 14:26:39.279597', '2019-05-28 14:26:39.279597', 31, 3, 'yu', 25, 1, '2019-05-28 14:26:38');
INSERT INTO `soap`.`picture_user_activity`(`createTime`, `updateTime`, `id`, `userId`, `userUsername`, `pictureId`, `like`, `likedTime`) VALUES ('2019-05-28 15:20:04.478706', '2019-06-12 18:37:27.000000', 32, 3, 'yu', 19, 0, '2019-06-12 18:37:19');
INSERT INTO `soap`.`picture_user_activity`(`createTime`, `updateTime`, `id`, `userId`, `userUsername`, `pictureId`, `like`, `likedTime`) VALUES ('2019-05-29 18:36:29.943920', '2019-05-29 18:36:29.943920', 33, 3, 'yu', 30, 1, '2019-05-29 18:36:28');
INSERT INTO `soap`.`picture_user_activity`(`createTime`, `updateTime`, `id`, `userId`, `userUsername`, `pictureId`, `like`, `likedTime`) VALUES ('2019-06-06 17:36:09.885755', '2019-07-15 16:34:40.000000', 34, 3, 'yu', 37, 1, '2019-07-15 16:34:40');
INSERT INTO `soap`.`picture_user_activity`(`createTime`, `updateTime`, `id`, `userId`, `userUsername`, `pictureId`, `like`, `likedTime`) VALUES ('2019-06-06 17:36:10.119322', '2019-06-06 17:36:10.119322', 35, 3, 'yu', 37, 1, '2019-06-06 17:36:07');
INSERT INTO `soap`.`picture_user_activity`(`createTime`, `updateTime`, `id`, `userId`, `userUsername`, `pictureId`, `like`, `likedTime`) VALUES ('2019-06-09 17:45:13.823290', '2019-06-09 17:45:13.823290', 36, 3, 'yu', 38, 1, '2019-06-09 17:45:14');
INSERT INTO `soap`.`picture_user_activity`(`createTime`, `updateTime`, `id`, `userId`, `userUsername`, `pictureId`, `like`, `likedTime`) VALUES ('2019-06-19 18:42:12.466449', '2019-06-19 18:42:17.000000', 37, 3, 'yu', 40, 0, '2019-06-19 18:42:13');
INSERT INTO `soap`.`picture_user_activity`(`createTime`, `updateTime`, `id`, `userId`, `userUsername`, `pictureId`, `like`, `likedTime`) VALUES ('2019-07-15 16:33:33.325055', '2019-07-15 16:33:33.325055', 38, 3, 'yu', 39, 1, '2019-07-15 16:33:33');
INSERT INTO `soap`.`picture_user_activity`(`createTime`, `updateTime`, `id`, `userId`, `userUsername`, `pictureId`, `like`, `likedTime`) VALUES ('2019-07-17 16:53:13.297214', '2019-07-17 18:14:33.000000', 39, 3, 'yu', 43, 1, '2019-07-17 18:14:32');

